task_id,priority,verification_status,claim_id,claim_text,citekey,title,source_block_id,page,locator_status,read_status,used_in_manuscript,risk,source_path,reader_display_path,source_map,snippet,next_action
verify-c001-cnki-2021-d35f8e895a-b0006,65,needs_page_locator,C001,图书馆短视频研究可从“平台运营策略”推进到“内容/设计因素与互动效果的实证分析”。,cnki_2021_d35f8e895a,图书馆短视频传播及互动效果影响因素模型及实证分析——基于“上瘾模型”的探索,cnki_2021_d35f8e895a:B0006,,page_pending,skimmed,false,needs_human_validation;page_locator_pending;page_missing,projects/library_short_video/literature/readers/cnki_2021_d35f8e895a/paper.md,paper_reading/views/paper-b30ed69c.html,projects/library_short_video/literature/readers/cnki_2021_d35f8e895a/source_map.json,近几年来，国内外学者对短视频的发展和应用展开了一系列的研究，主要集中在以下3个方面：①短视频平台的内容及推荐机制研究。例如，国外学者S. Wilk等提出了一种针对用户产生视频内容的质量评估算法[3];T. Tang等针对基于用户历史行为的视频推荐机制，提出了一个非传统模型的集合，包括基于压缩交互网络(CIN)的定制神经网络结构和基于经典SVD特征的梯度提升决策树(GDBTs)[4];Y. Liu等通过预测短视频的完播率和点赞率构建了一个,Open original PDF/Reader and fill exact page or table locator.
verify-c001-cnki-2021-d35f8e895a-b0009,65,needs_page_locator,C001,图书馆短视频研究可从“平台运营策略”推进到“内容/设计因素与互动效果的实证分析”。,cnki_2021_d35f8e895a,图书馆短视频传播及互动效果影响因素模型及实证分析——基于“上瘾模型”的探索,cnki_2021_d35f8e895a:B0009,,page_pending,skimmed,false,needs_human_validation;page_locator_pending;page_missing,projects/library_short_video/literature/readers/cnki_2021_d35f8e895a/paper.md,paper_reading/views/paper-b30ed69c.html,projects/library_short_video/literature/readers/cnki_2021_d35f8e895a/source_map.json,"本文基于互联网产品用户行为模型——“上瘾模型”,以抖音平台为例，总结出影响短视频传播及互动效果的8个因素，并结合图书馆的实际情况建立图书馆短视频传播及互动效果的影响因素模型，见图2。 以下从上瘾模型的4个环节分别阐释图书馆短视频传播及互动效果影响因素模型： (1)触发用户的因素。 抖音平台短视频的标题是用户观看短视频时获取的第一个完整信息，可以让用户最快地了解短视频的主要内容，从而做出是否观看的决定，因此本文将标题作为外部触发因素，具体",Open original PDF/Reader and fill exact page or table locator.
verify-c001-cnki-2021-d35f8e895a-b0010,65,needs_page_locator,C001,图书馆短视频研究可从“平台运营策略”推进到“内容/设计因素与互动效果的实证分析”。,cnki_2021_d35f8e895a,图书馆短视频传播及互动效果影响因素模型及实证分析——基于“上瘾模型”的探索,cnki_2021_d35f8e895a:B0010,,page_pending,skimmed,false,needs_human_validation;page_locator_pending;page_missing,projects/library_short_video/literature/readers/cnki_2021_d35f8e895a/paper.md,paper_reading/views/paper-b30ed69c.html,projects/library_short_video/literature/readers/cnki_2021_d35f8e895a/source_map.json,"如表1所示，目前粉丝数量排名前10的图书馆官方抖音号的作品量和粉丝量相对较大，涵盖了国家图书馆、上海图书馆等具有一定代表性、影响力较大的图书馆。本文选取此10个图书馆的抖音短视频作品作为研究对象，收集每个抖音号最新发布的100个短视频作品(作品数量不足100的取全部作品),共879个作品作为研究样本。然后收集样本的点赞数、评论数和转发数作为体现传播及互动效果的数据；并对样本的标题句型、标题长度、背景音乐情感类型、制作类别、内容主题、信息",Open original PDF/Reader and fill exact page or table locator.
verify-c001-cnki-2021-d35f8e895a-b0011,65,needs_page_locator,C001,图书馆短视频研究可从“平台运营策略”推进到“内容/设计因素与互动效果的实证分析”。,cnki_2021_d35f8e895a,图书馆短视频传播及互动效果影响因素模型及实证分析——基于“上瘾模型”的探索,cnki_2021_d35f8e895a:B0011,,page_pending,skimmed,false,needs_human_validation;page_locator_pending;page_missing,projects/library_short_video/literature/readers/cnki_2021_d35f8e895a/paper.md,paper_reading/views/paper-b30ed69c.html,projects/library_short_video/literature/readers/cnki_2021_d35f8e895a/source_map.json,社会事件 7 59 6.7 城市宣传 8 20 2.3 活动或参赛视频 9 73 8.3 节日或日常问候 10 67 7.6 其他 11 0 0 信息类型 无 0 295 33.6 资源类 1 113 12.9 服务类 2 134 15.2 知识点 3 283 32.2 社会信息 4 54 6.1 其他 5 0 0 时长(分钟) 1分钟以内 1 702 79.9 2-3分钟 2 99 11.3 3分钟以上 3 78 8.9 相关或连续性,Open original PDF/Reader and fill exact page or table locator.
verify-c002-cnki-2021-dfab60236e-b0004,65,needs_page_locator,C002,阅读推广短视频影响因素研究可以走“大样本社会化账号 + 文本挖掘/图像识别 + 回归”的方法路线。,cnki_2021_dfab60236e,抖音阅读推广短视频传播效果影响因素研究,cnki_2021_dfab60236e:B0004,,page_pending,skimmed,false,needs_human_validation;page_locator_pending;page_missing,projects/library_short_video/literature/readers/cnki_2021_dfab60236e/paper.md,paper_reading/views/paper-8448cb0c.html,projects/library_short_video/literature/readers/cnki_2021_dfab60236e/source_map.json,释用户处理视频信息的过程和机制。如谢泽杭利用ELM 和结构方程 模型探究了政务短视频用户采纳意愿的影响因素，发现有用性、趣味性、易理解性、易用性、信源可信度和社会 影响对政务短视频用户采纳意愿有正向影响 ［8］。陈强以共青团中央政务Bilibili 账号为例，基于ELM，围绕中心线 索和边缘线索构建理论模型，发现中心线索中的内容主题对传播效果有影响，边缘线索中的视频类别、视频剪辑 率、屏幕形式、字幕使用和组织形式对传播效果有影响 ［10,Open original PDF/Reader and fill exact page or table locator.
verify-c002-cnki-2021-dfab60236e-b0008,65,needs_page_locator,C002,阅读推广短视频影响因素研究可以走“大样本社会化账号 + 文本挖掘/图像识别 + 回归”的方法路线。,cnki_2021_dfab60236e,抖音阅读推广短视频传播效果影响因素研究,cnki_2021_dfab60236e:B0008,,page_pending,skimmed,false,needs_human_validation;page_locator_pending;page_missing,projects/library_short_video/literature/readers/cnki_2021_dfab60236e/paper.md,paper_reading/views/paper-8448cb0c.html,projects/library_short_video/literature/readers/cnki_2021_dfab60236e/source_map.json,示的每个抖音号，人工审查其粉丝数量与发布的短视频，剔除粉丝数量少于100 万和没有发布过阅读推广短视频 的抖音号，最终筛选出30 个社会化抖音号，结果如表1 所示。之后，本研究利用requests_ html 包，获取表1 中 抖音号发布的所有短视频数据，包括点赞数、评论数、转发数、企业认证情况、短视频标题文本、短视频时长、 短视频MP4 格式文件等。 3. 1. 2 数据转换 短视频MP4 格式文件同时包含音频信息和视频信息，维度较高,Open original PDF/Reader and fill exact page or table locator.
verify-c002-cnki-2021-dfab60236e-b0010,65,needs_page_locator,C002,阅读推广短视频影响因素研究可以走“大样本社会化账号 + 文本挖掘/图像识别 + 回归”的方法路线。,cnki_2021_dfab60236e,抖音阅读推广短视频传播效果影响因素研究,cnki_2021_dfab60236e:B0010,,page_pending,skimmed,false,needs_human_validation;page_locator_pending;page_missing,projects/library_short_video/literature/readers/cnki_2021_dfab60236e/paper.md,paper_reading/views/paper-8448cb0c.html,projects/library_short_video/literature/readers/cnki_2021_dfab60236e/source_map.json,银 ［42］、荆溪昱 ［43］、郭望皓 ［44］、李萍 ［45］、秦琴 ［46］等学者提出的计算公式。其中，荆溪昱提出的计算公式效度较 高，但其对常用字的测量来源于台湾常用繁体字表，对简体中文适用性较差。李萍和秦琴分别将会计专业术语和 医学专业术语作为衡量常用字的指标引入荆溪昱的计算公式中，取得了良好的效果。本研究借鉴以上学者的研究 成果，使用如下可读性计算公式来测量短视频内容和标题的可读性: R = 17. 5255+0. 0024×,Open original PDF/Reader and fill exact page or table locator.
verify-c002-cnki-2021-dfab60236e-b0013,65,needs_page_locator,C002,阅读推广短视频影响因素研究可以走“大样本社会化账号 + 文本挖掘/图像识别 + 回归”的方法路线。,cnki_2021_dfab60236e,抖音阅读推广短视频传播效果影响因素研究,cnki_2021_dfab60236e:B0013,,page_pending,skimmed,false,needs_human_validation;page_locator_pending;page_missing,projects/library_short_video/literature/readers/cnki_2021_dfab60236e/paper.md,paper_reading/views/paper-8448cb0c.html,projects/library_short_video/literature/readers/cnki_2021_dfab60236e/source_map.json,量做多元线性回归分析以验证假设，结果如表4 所示。所有自变量的方差 膨胀因素( Variance Inflation Vactor，VIF) 值均小于10，不存在多重共线性问题。 表4 抖音阅读推广短视频传播效果影响因素回归结果( N= 10 294) 自变量 传播效果 点赞数 评论数 分享数 Beta VIF Beta VIF Beta VIF Beta VIF 短视频内容的可读性 －0. 072＊＊＊ 1. 213 －0. 072＊,Open original PDF/Reader and fill exact page or table locator.
verify-c003-cnki-2021-dfab60236e-b0013,65,needs_page_locator,C003,在该社会化账号样本中，内容可读性、内容网络热词、标题可读性、标题互文性、15-60 秒时长与传播效果正相关；标题长度、标题标签、企业认证与传播效果负相关。,cnki_2021_dfab60236e,抖音阅读推广短视频传播效果影响因素研究,cnki_2021_dfab60236e:B0013,,page_pending,skimmed,false,needs_human_validation;page_locator_pending;page_missing,projects/library_short_video/literature/readers/cnki_2021_dfab60236e/paper.md,paper_reading/views/paper-8448cb0c.html,projects/library_short_video/literature/readers/cnki_2021_dfab60236e/source_map.json,量做多元线性回归分析以验证假设，结果如表4 所示。所有自变量的方差 膨胀因素( Variance Inflation Vactor，VIF) 值均小于10，不存在多重共线性问题。 表4 抖音阅读推广短视频传播效果影响因素回归结果( N= 10 294) 自变量 传播效果 点赞数 评论数 分享数 Beta VIF Beta VIF Beta VIF Beta VIF 短视频内容的可读性 －0. 072＊＊＊ 1. 213 －0. 072＊,Open original PDF/Reader and fill exact page or table locator.
verify-c003-cnki-2021-dfab60236e-b0014,65,needs_page_locator,C003,在该社会化账号样本中，内容可读性、内容网络热词、标题可读性、标题互文性、15-60 秒时长与传播效果正相关；标题长度、标题标签、企业认证与传播效果负相关。,cnki_2021_dfab60236e,抖音阅读推广短视频传播效果影响因素研究,cnki_2021_dfab60236e:B0014,,page_pending,skimmed,false,needs_human_validation;page_locator_pending;page_missing,projects/library_short_video/literature/readers/cnki_2021_dfab60236e/paper.md,paper_reading/views/paper-8448cb0c.html,projects/library_short_video/literature/readers/cnki_2021_dfab60236e/source_map.json,自变量 传播效果 点赞数 评论数 分享数 Beta VIF Beta VIF Beta VIF Beta VIF 短视频标题的可读性 －0. 041＊＊＊ 1. 142 －0. 042＊＊＊ 1. 142 －0. 034＊＊ 1. 142 －0. 019 1. 142 短视频标题的积极倾向 0. 039 1. 354 0. 041 1. 354 0. 001 1. 354 0. 014 1. 354 短视频标题中有第一人称代词 0. 0,Open original PDF/Reader and fill exact page or table locator.
verify-c003-cnki-2021-dfab60236e-b0015,65,needs_page_locator,C003,在该社会化账号样本中，内容可读性、内容网络热词、标题可读性、标题互文性、15-60 秒时长与传播效果正相关；标题长度、标题标签、企业认证与传播效果负相关。,cnki_2021_dfab60236e,抖音阅读推广短视频传播效果影响因素研究,cnki_2021_dfab60236e:B0015,,page_pending,skimmed,false,needs_human_validation;page_locator_pending;page_missing,projects/library_short_video/literature/readers/cnki_2021_dfab60236e/paper.md,paper_reading/views/paper-8448cb0c.html,projects/library_short_video/literature/readers/cnki_2021_dfab60236e/source_map.json,001 从中心路径来看，可读性的值越小，代表文本的可读性越高，因此，短视频内容的可读性对抖音阅读推广短 视频传播效果有显著正向影响。与不使用网络热词相比，在短视频内容中使用网络热词对传播效果有促进作用。 此外，短视频内容的情感倾向和是否在短视频内容中使用第一、二人称代词对抖音阅读推广短视频传播效果的影 响不显著。 从边缘路径来看，短视频标题的可读性对抖音阅读推广短视频传播效果有显著正向影响。短视频标题的长度 显著负向影响传播效果。与不具,Open original PDF/Reader and fill exact page or table locator.
verify-c003-cnki-2021-dfab60236e-b0016,65,needs_page_locator,C003,在该社会化账号样本中，内容可读性、内容网络热词、标题可读性、标题互文性、15-60 秒时长与传播效果正相关；标题长度、标题标签、企业认证与传播效果负相关。,cnki_2021_dfab60236e,抖音阅读推广短视频传播效果影响因素研究,cnki_2021_dfab60236e:B0016,,page_pending,skimmed,false,needs_human_validation;page_locator_pending;page_missing,projects/library_short_video/literature/readers/cnki_2021_dfab60236e/paper.md,paper_reading/views/paper-8448cb0c.html,projects/library_short_video/literature/readers/cnki_2021_dfab60236e/source_map.json,短视频内容中有网络热词、短视频标题有互文性和15 秒至60 秒的短视频时长。对传播效果起负向作用的有: 短 视频标题的长度、在短视频标题上添加标签和短视频信源有企业认证。 ( 1) 短视频内容的可读性能够显著提升传播效果。如果短视频内容的可读性较低，则用户可能无法完全理解 短视频所传达的信息，进而快速划走该短视频，传播效果大打折扣。而具有高可读性的短视频内容，可能会使用 户产生较好的理解和较佳的学习效果，进而促使用户产生点赞、评论和分享,Open original PDF/Reader and fill exact page or table locator.
verify-c004-cnki-2021-d35f8e895a-b0011,65,needs_page_locator,C004,在该研究中，标题句型、背景音乐情感类型、制作类别、内容主题、信息类型与传播互动指数存在显著差异。,cnki_2021_d35f8e895a,图书馆短视频传播及互动效果影响因素模型及实证分析——基于“上瘾模型”的探索,cnki_2021_d35f8e895a:B0011,,page_pending,skimmed,false,needs_human_validation;page_locator_pending;page_missing,projects/library_short_video/literature/readers/cnki_2021_d35f8e895a/paper.md,paper_reading/views/paper-b30ed69c.html,projects/library_short_video/literature/readers/cnki_2021_d35f8e895a/source_map.json,社会事件 7 59 6.7 城市宣传 8 20 2.3 活动或参赛视频 9 73 8.3 节日或日常问候 10 67 7.6 其他 11 0 0 信息类型 无 0 295 33.6 资源类 1 113 12.9 服务类 2 134 15.2 知识点 3 283 32.2 社会信息 4 54 6.1 其他 5 0 0 时长(分钟) 1分钟以内 1 702 79.9 2-3分钟 2 99 11.3 3分钟以上 3 78 8.9 相关或连续性,Open original PDF/Reader and fill exact page or table locator.
verify-c004-cnki-2021-d35f8e895a-b0012,65,needs_page_locator,C004,在该研究中，标题句型、背景音乐情感类型、制作类别、内容主题、信息类型与传播互动指数存在显著差异。,cnki_2021_d35f8e895a,图书馆短视频传播及互动效果影响因素模型及实证分析——基于“上瘾模型”的探索,cnki_2021_d35f8e895a:B0012,,page_pending,skimmed,false,needs_human_validation;page_locator_pending;page_missing,projects/library_short_video/literature/readers/cnki_2021_d35f8e895a/paper.md,paper_reading/views/paper-b30ed69c.html,projects/library_short_video/literature/readers/cnki_2021_d35f8e895a/source_map.json,"由表4可见，不同标题长度样本的C指数没有表现出显著性差异(p=0.482>0.05),因此不同标题长度对于C指数并无显著影响。 图3 标题句型与C指数的非参数检验分析对比 表4 标题长度与C指数的非参数检验结果 标题长度(中位数) Kruskal-Wallis 检验统计量H值 p 1.0(n=698) 2.0(n=164) 3.0(n=17) C指数 150.509 166.671 136.996 1.459 0.482 (3)背景音乐",Open original PDF/Reader and fill exact page or table locator.
verify-c004-cnki-2021-d35f8e895a-b0013,65,needs_page_locator,C004,在该研究中，标题句型、背景音乐情感类型、制作类别、内容主题、信息类型与传播互动指数存在显著差异。,cnki_2021_d35f8e895a,图书馆短视频传播及互动效果影响因素模型及实证分析——基于“上瘾模型”的探索,cnki_2021_d35f8e895a:B0013,,page_pending,skimmed,false,needs_human_validation;page_locator_pending;page_missing,projects/library_short_video/literature/readers/cnki_2021_d35f8e895a/paper.md,paper_reading/views/paper-b30ed69c.html,projects/library_short_video/literature/readers/cnki_2021_d35f8e895a/source_map.json,1.0(n=376) 2.0(n=197) 3.0(n=104) 4.0(n=4) 5.0(n=30) 6.0(n=168) C指数 155.555 127.681 141.205 218.601 84.000 209.781 51.022 0.000 表7 内容主题与C指数的非参数检验结果 内容主题(中位数) Kruskal-Wallis 检验统计量H 值 p 1.0 (n=129) 2.0 (n=75) 3.0 (n=122) 4.,Open original PDF/Reader and fill exact page or table locator.
verify-c005-cnki-2021-d35f8e895a-b0012,65,needs_page_locator,C005,标题长度、视频时长、与邻近视频的相关或连续性在该研究中未表现出显著影响。,cnki_2021_d35f8e895a,图书馆短视频传播及互动效果影响因素模型及实证分析——基于“上瘾模型”的探索,cnki_2021_d35f8e895a:B0012,,page_pending,skimmed,false,needs_human_validation;page_locator_pending;page_missing,projects/library_short_video/literature/readers/cnki_2021_d35f8e895a/paper.md,paper_reading/views/paper-b30ed69c.html,projects/library_short_video/literature/readers/cnki_2021_d35f8e895a/source_map.json,"由表4可见，不同标题长度样本的C指数没有表现出显著性差异(p=0.482>0.05),因此不同标题长度对于C指数并无显著影响。 图3 标题句型与C指数的非参数检验分析对比 表4 标题长度与C指数的非参数检验结果 标题长度(中位数) Kruskal-Wallis 检验统计量H值 p 1.0(n=698) 2.0(n=164) 3.0(n=17) C指数 150.509 166.671 136.996 1.459 0.482 (3)背景音乐",Open original PDF/Reader and fill exact page or table locator.
verify-c005-cnki-2021-d35f8e895a-b0013,65,needs_page_locator,C005,标题长度、视频时长、与邻近视频的相关或连续性在该研究中未表现出显著影响。,cnki_2021_d35f8e895a,图书馆短视频传播及互动效果影响因素模型及实证分析——基于“上瘾模型”的探索,cnki_2021_d35f8e895a:B0013,,page_pending,skimmed,false,needs_human_validation;page_locator_pending;page_missing,projects/library_short_video/literature/readers/cnki_2021_d35f8e895a/paper.md,paper_reading/views/paper-b30ed69c.html,projects/library_short_video/literature/readers/cnki_2021_d35f8e895a/source_map.json,1.0(n=376) 2.0(n=197) 3.0(n=104) 4.0(n=4) 5.0(n=30) 6.0(n=168) C指数 155.555 127.681 141.205 218.601 84.000 209.781 51.022 0.000 表7 内容主题与C指数的非参数检验结果 内容主题(中位数) Kruskal-Wallis 检验统计量H 值 p 1.0 (n=129) 2.0 (n=75) 3.0 (n=122) 4.,Open original PDF/Reader and fill exact page or table locator.
verify-c005-cnki-2021-d35f8e895a-b0014,65,needs_page_locator,C005,标题长度、视频时长、与邻近视频的相关或连续性在该研究中未表现出显著影响。,cnki_2021_d35f8e895a,图书馆短视频传播及互动效果影响因素模型及实证分析——基于“上瘾模型”的探索,cnki_2021_d35f8e895a:B0014,,page_pending,skimmed,false,needs_human_validation;page_locator_pending;page_missing,projects/library_short_video/literature/readers/cnki_2021_d35f8e895a/paper.md,paper_reading/views/paper-b30ed69c.html,projects/library_short_video/literature/readers/cnki_2021_d35f8e895a/source_map.json,根据上文的统计和验证结果可知，在本文设计的短视频传播及互动效果的8个影响因素中，图书馆短视频的标题长度、视频时长及其与临近视频的相关或连续性3个因素对于C指数并没有显著的影响。原因分析为：抖音平台短视频的标题一般只显示前40个字，超出部分会被折叠隐藏。而40字以内的标题基本可以一目了然，与句子数量关系不大，且由于短视频富媒体的呈现方式，标题本身信息表达的作用已被弱化，因此不同标题长度短视频的C指数无显著差异。由于短视频的传播及互动效果更,Open original PDF/Reader and fill exact page or table locator.
verify-c006-cnki-2021-d35f8e895a-b0008,65,needs_page_locator,C006,图书馆短视频运营的实践问题包括开通比例低、作品数量少、优质内容少。,cnki_2021_d35f8e895a,图书馆短视频传播及互动效果影响因素模型及实证分析——基于“上瘾模型”的探索,cnki_2021_d35f8e895a:B0008,,page_pending,skimmed,false,needs_human_validation;page_locator_pending;page_missing,projects/library_short_video/literature/readers/cnki_2021_d35f8e895a/paper.md,paper_reading/views/paper-b30ed69c.html,projects/library_short_video/literature/readers/cnki_2021_d35f8e895a/source_map.json,根据数据统计和对图书馆短视频内容的调研，可以总结出图书馆短视频平台的运营状况存在以下3个主要问题：①开通比例低。在全国超过3 000个公共图书馆和超过2 600个高校图书馆中，分别只有1%左右和1‰左右开通了抖音短视频账号。②作品数量少。在目前已开通的图书馆抖音账号中，超过半数已运营超过一年，但是作品数量不足100。③优质内容少。大部分图书馆账号的短视频内容较为传统和分散，视频创作的专业化水准不足，导致点赞量低、传播效果不佳。 目前，图,Open original PDF/Reader and fill exact page or table locator.
verify-c007-cnki-2021-d35f8e895a-b0014,65,needs_page_locator,C007,该文对本项目的启发是：后续选题应同时处理“服务/知识价值”和“平台互动机制”，不能只写泛泛运营建议。,cnki_2021_d35f8e895a,图书馆短视频传播及互动效果影响因素模型及实证分析——基于“上瘾模型”的探索,cnki_2021_d35f8e895a:B0014,,page_pending,skimmed,false,needs_human_validation;page_locator_pending;page_missing,projects/library_short_video/literature/readers/cnki_2021_d35f8e895a/paper.md,paper_reading/views/paper-b30ed69c.html,projects/library_short_video/literature/readers/cnki_2021_d35f8e895a/source_map.json,根据上文的统计和验证结果可知，在本文设计的短视频传播及互动效果的8个影响因素中，图书馆短视频的标题长度、视频时长及其与临近视频的相关或连续性3个因素对于C指数并没有显著的影响。原因分析为：抖音平台短视频的标题一般只显示前40个字，超出部分会被折叠隐藏。而40字以内的标题基本可以一目了然，与句子数量关系不大，且由于短视频富媒体的呈现方式，标题本身信息表达的作用已被弱化，因此不同标题长度短视频的C指数无显著差异。由于短视频的传播及互动效果更,Open original PDF/Reader and fill exact page or table locator.
verify-c007-cnki-2021-d35f8e895a-b0015,65,needs_page_locator,C007,该文对本项目的启发是：后续选题应同时处理“服务/知识价值”和“平台互动机制”，不能只写泛泛运营建议。,cnki_2021_d35f8e895a,图书馆短视频传播及互动效果影响因素模型及实证分析——基于“上瘾模型”的探索,cnki_2021_d35f8e895a:B0015,,page_pending,skimmed,false,needs_human_validation;page_locator_pending;page_missing,projects/library_short_video/literature/readers/cnki_2021_d35f8e895a/paper.md,paper_reading/views/paper-b30ed69c.html,projects/library_short_video/literature/readers/cnki_2021_d35f8e895a/source_map.json,(5)本文认为“上瘾模型”中的酬赏在短视频中体现为具体且有用的信息包括资源信息、服务信息、知识点和社会信息等。研究结果表明，有酬赏的短视频传播及互动效果明显好于无酬赏的短视频。可见，关注或观看图书馆类短视频账号的用户有获取知识、文化方面具体信息的需求，如何更好地将此类酬赏融入到短视频的内容创作中，创作有趣更“有料”的短视频也成为运营工作成败的关键。 7 策略建议 7.1 基于用户知识焦虑的标题触发 触发需要设计者揣摩用户的心理，明确用户,Open original PDF/Reader and fill exact page or table locator.
verify-c007-cnki-2021-d35f8e895a-b0016,65,needs_page_locator,C007,该文对本项目的启发是：后续选题应同时处理“服务/知识价值”和“平台互动机制”，不能只写泛泛运营建议。,cnki_2021_d35f8e895a,图书馆短视频传播及互动效果影响因素模型及实证分析——基于“上瘾模型”的探索,cnki_2021_d35f8e895a:B0016,,page_pending,skimmed,false,needs_human_validation;page_locator_pending;page_missing,projects/library_short_video/literature/readers/cnki_2021_d35f8e895a/paper.md,paper_reading/views/paper-b30ed69c.html,projects/library_short_video/literature/readers/cnki_2021_d35f8e895a/source_map.json,"短视频是符合当下互联网用户群体碎片化、移动化生活习惯的内容形式[18],在为用户提供新内容、新体验、新模式的同时，也在潜移默化中改变着人们的认知和思维习惯，并在更广泛的层面上影响和重塑新媒体环境下的信息传播生态[19]。图书馆行业应充分认识到短视频平台的巨大传播价值，积极开通，强力运营，借势扩大图书馆的影响力。同时，在短视频平台海量User Generated Content(用户生产内容，简称UGC)的娱乐内容中，图书馆的Profes",Open original PDF/Reader and fill exact page or table locator.
verify-c008-cnki-2020-64b4f881c9-b0003,65,needs_page_locator,C008,早期图书馆抖音账号存在低开通、弱影响、运营不规范、互动不足和原创优质内容不足等问题。,cnki_2020_64b4f881c9,图书馆短视频发展现状、问题与对策分析——以抖音平台为例,cnki_2020_64b4f881c9:B0003,,page_pending,skimmed,false,needs_human_validation;page_locator_pending;page_missing,projects/library_short_video/literature/readers/cnki_2020_64b4f881c9/paper.md,paper_reading/views/paper-cd9b4518.html,projects/library_short_video/literature/readers/cnki_2020_64b4f881c9/source_map.json,王海燕：图书馆短视频发展现状、问题与对策分析＊———以抖音平台为例 Ｗａｎｇ Ｈａｉｙａｎ：Ａｎａｌｙｓｉｓ ｏｎ ｔｈｅ Ｃｕｒｒｅｎｔ Ｓｉｔｕａｔｉｏｎ，Ｐｒｏｂｌｅｍｓ ａｎｄ Ｃｏｕｎｔｅｒｍｅａｓｕｒｅｓ ｏｆ Ｌｉｂｒａｒｙ Ｓｈｏｒｔ Ｖｉｄｅｏ ———Ｔａｋｉｎｇ ｔｈｅ Ｐｌａｔｆｏｒｍ ｏｆ Ｔｉｋ Ｔｏｋ ａｓ ａｎ Ｅｘａｍｐｌｅ ２０２０年５月 Ｍａｙ，２０２０ 号都有上千万的粉丝和上亿的获赞量。 文化、旅游,Open original PDF/Reader and fill exact page or table locator.
verify-c008-cnki-2020-64b4f881c9-b0006,65,needs_page_locator,C008,早期图书馆抖音账号存在低开通、弱影响、运营不规范、互动不足和原创优质内容不足等问题。,cnki_2020_64b4f881c9,图书馆短视频发展现状、问题与对策分析——以抖音平台为例,cnki_2020_64b4f881c9:B0006,,page_pending,skimmed,false,needs_human_validation;page_locator_pending;page_missing,projects/library_short_video/literature/readers/cnki_2020_64b4f881c9/paper.md,paper_reading/views/paper-cd9b4518.html,projects/library_short_video/literature/readers/cnki_2020_64b4f881c9/source_map.json,但是此 类活动相对较少。最后，图书馆短视频原创内 容目前大都缺乏后期制作，在画面、音效、清晰 度等感官体验方面欠佳 櫲櫲櫲櫲櫲櫲櫲櫲櫲櫲櫲櫲櫲櫲櫲櫲櫲櫲櫲櫲櫲櫲 。 ４ 櫲櫲櫲櫲櫲櫲櫲櫲櫲櫲櫲櫲櫲櫲櫲櫲櫲櫲櫲櫲櫲櫲 图书馆短视频发展策略 ４．１ 积极入驻短视频平台，重视短视频账号 的运营管理 图书馆作为信息存储和知识服务的重要 场所，一直紧跟互联网步伐，不断进行数字化、 智能化和网络化建设。在“两微一端”为代表 的移动互联网时期，图书馆,Open original PDF/Reader and fill exact page or table locator.
verify-c009-cnki-2021-7556aafa99-b0003,65,needs_page_locator,C009,公共图书馆短视频服务问题不只在内容技巧，也在规划、团队、定位、线上线下转化和合作机制。,cnki_2021_7556aafa99,公共图书馆“抖音”短视频服务现状及发展策略研究,cnki_2021_7556aafa99:B0003,,page_pending,skimmed,false,needs_human_validation;page_locator_pending;page_missing,projects/library_short_video/literature/readers/cnki_2021_7556aafa99/paper.md,paper_reading/views/paper-0231710d.html,projects/library_short_video/literature/readers/cnki_2021_7556aafa99/source_map.json,Ｌｉｂｒａｒｙ Ｗｏｒｋ Ａｎｄ Ｓｔｕｄｙ 总第２９９期 Ｓｅｒｉａｌ ２９９ 频＋旅游”等。 可以预见，随着５Ｇ网络的发展，短视频用 户的规模还将持续增长。大量短视频创作者 的涌入，也会将短视频内容推向多元化、专业 化、垂直化、精细化。同时，专业优质的内容将 推动短视频的可持续发展，使短视频成为现阶 段最具潜力的互联网传播方式。 ２．２ 抖音ＡＰＰ 抖音ＡＰＰ，即抖音短视频分享平台，是 ２０１６年９月上线的一款短视频社交平台。作 为,Open original PDF/Reader and fill exact page or table locator.
verify-c009-cnki-2021-7556aafa99-b0004,65,needs_page_locator,C009,公共图书馆短视频服务问题不只在内容技巧，也在规划、团队、定位、线上线下转化和合作机制。,cnki_2021_7556aafa99,公共图书馆“抖音”短视频服务现状及发展策略研究,cnki_2021_7556aafa99:B0004,,page_pending,skimmed,false,needs_human_validation;page_locator_pending;page_missing,projects/library_short_video/literature/readers/cnki_2021_7556aafa99/paper.md,paper_reading/views/paper-0231710d.html,projects/library_short_video/literature/readers/cnki_2021_7556aafa99/source_map.json,内容进行分类统计和分析。 由于无法排除部分图书馆未以馆名进行 注册，故调研数据可能存在遗漏，但考虑此种 情况发生概率较低，对调研结果影响有限，仍 以馆名检索结果为准。为保证调研过程的严 谨及数据的准确性，未获得官方认证的部分图 书馆账号不纳入此次调研范围。该部分图书 馆仍以未开通官方账号处理。 因抖音平台无法查询各馆账号的注册时 间，此次调研以各馆账号的首个原创作品发布 时间作为分析各馆利用抖音平台提供服务的 初始时间。 ３．３ 调研结,Open original PDF/Reader and fill exact page or table locator.
verify-c009-cnki-2021-7556aafa99-b0013,65,needs_page_locator,C009,公共图书馆短视频服务问题不只在内容技巧，也在规划、团队、定位、线上线下转化和合作机制。,cnki_2021_7556aafa99,公共图书馆“抖音”短视频服务现状及发展策略研究,cnki_2021_7556aafa99:B0013,,page_pending,skimmed,false,needs_human_validation;page_locator_pending;page_missing,projects/library_short_video/literature/readers/cnki_2021_7556aafa99/paper.md,paper_reading/views/paper-0231710d.html,projects/library_short_video/literature/readers/cnki_2021_7556aafa99/source_map.json,"孙雨 陈凤娟：公共图书馆“抖音”短视频服务现状及发展策略研究 Ｓｕｎ Ｙｕ，Ｃｈｅｎ Ｆｅｎｇｊｕａｎ：Ｒｅｓｅａｒｃｈ ｏｎ ｔｈｅ Ｓｅｒｖｉｃｅ Ｓｔａｔｕｓ ａｎｄ Ｄｅｖｅｌｏｐｍｅｎｔ Ｓｔｒａｔｅｇｉｅｓ ｏｆ"" Ｔｉｋ Ｔｏｋ"" Ｓｈｏｒｔ Ｖｉｄｅｏ Ｓｅｒｖｉｃｅ ｉｎ Ｐｕｂｌｉｃ Ｌｉｂｒａｒｉｅｓ ２０２１年１月 Ｊａｎｕａｒｙ，２０２１ 馆开通抖音官方账号的比例仅６０％，仍有约四 成的公共图书馆未认识到短视频",Open original PDF/Reader and fill exact page or table locator.
verify-c009-cnki-2021-7556aafa99-b0019,65,needs_page_locator,C009,公共图书馆短视频服务问题不只在内容技巧，也在规划、团队、定位、线上线下转化和合作机制。,cnki_2021_7556aafa99,公共图书馆“抖音”短视频服务现状及发展策略研究,cnki_2021_7556aafa99:B0019,,page_pending,skimmed,false,needs_human_validation;page_locator_pending;page_missing,projects/library_short_video/literature/readers/cnki_2021_7556aafa99/paper.md,paper_reading/views/paper-0231710d.html,projects/library_short_video/literature/readers/cnki_2021_7556aafa99/source_map.json,Ｌｉｂｒａｒｙ Ｗｏｒｋ Ａｎｄ Ｓｔｕｄｙ 总第２９９期 Ｓｅｒｉａｌ ２９９ 行业互动合作的典型案例。 “共战疫不孤读”活动是由太原市图书馆 发起，全国多家图书馆参与的爱心助力活动 ［９］。 活动将各馆读者证与武汉市图书馆读者证拼 接，制作成为短视频并由各馆通过抖音、微博、 微信等新媒体平台发布。这是我国图书馆界 首次自发组织、参与图书馆众多、行动最为迅 速的一次跨地域、跨省市的联动项目，最终活 动话题播放量超过８０万次。 “阅读接,Open original PDF/Reader and fill exact page or table locator.
verify-c010-cnki-2020-2a150c6df8-b0003,65,needs_page_locator,C010,热门图书馆短视频常见特征包括标题详尽、话题引导、字幕、实拍/采访、知识普及、社会文化主题、名人角色和强情绪色彩。,cnki_2020_2a150c6df8,图书馆热门短视频内容规律探究——基于抖音平台的实证研究,cnki_2020_2a150c6df8:B0003,,page_pending,skimmed,false,needs_human_validation;page_locator_pending;page_missing,projects/library_short_video/literature/readers/cnki_2020_2a150c6df8/paper.md,paper_reading/views/paper-c04dcc5b.html,projects/library_short_video/literature/readers/cnki_2020_2a150c6df8/source_map.json,"(Library) 2020 年第12 期（No. 12. 2020） 076 而短视频的外部特征指的是那些与内容无关的特征，例如 短视频上传到网络上的日期和时间 [6]707、短视频所在的平台 特征 [11]、短视频发布者的特征 [6, 12]713-714, 1193、短视频所在频道 的社交网络 [12-13]1193, 113 等等，根据相关研究，视频浏览量的 增长与推荐系统 [12]1186 和渠道社交网络的“越来越富”效应 有",Open original PDF/Reader and fill exact page or table locator.
verify-c010-cnki-2020-2a150c6df8-b0014,65,needs_page_locator,C010,热门图书馆短视频常见特征包括标题详尽、话题引导、字幕、实拍/采访、知识普及、社会文化主题、名人角色和强情绪色彩。,cnki_2020_2a150c6df8,图书馆热门短视频内容规律探究——基于抖音平台的实证研究,cnki_2020_2a150c6df8:B0014,,page_pending,skimmed,false,needs_human_validation;page_locator_pending;page_missing,projects/library_short_video/literature/readers/cnki_2020_2a150c6df8/paper.md,paper_reading/views/paper-c04dcc5b.html,projects/library_short_video/literature/readers/cnki_2020_2a150c6df8/source_map.json,然有一定的局限 性，首先成为热门短视频的影响因素较多，与短视频的外 部特征如账号的视频总数、账号的粉丝数也存在联系，其 次人为的分类也会造成一定的误差。 鉴于影响短视频是否热门的因素较多，短视频账号 的视频总数、粉丝数量、视频质量、视频分类等都会对短 视频的传播造成一定影响，文章对其内在关联的研究尚 待进一步深化。因此，期待未来有更多学者进行相关研 究，为图书馆有效利用短视频进行推广提供借鉴。 （来稿时间：2020 年8 月） 参考文献,Open original PDF/Reader and fill exact page or table locator.
verify-c011-cnki-2021-5530e86157-b0001,65,needs_page_locator,C011,公共图书馆短视频营销可被转译为数字阅读推广服务设计，重点包括情感营销、渠道营销、互动营销和线上线下转化。,cnki_2021_5530e86157,基于短视频营销的公共图书馆数字阅读推广策略研究,cnki_2021_5530e86157:B0001,,page_pending,skimmed,false,needs_human_validation;page_locator_pending;page_missing,projects/library_short_video/literature/readers/cnki_2021_5530e86157/paper.md,paper_reading/views/paper-495f8717.html,projects/library_short_video/literature/readers/cnki_2021_5530e86157/source_map.json,数字网络 ２０２１年５月 Ｍａｙ，２０２１ 檧檧檧檧檧檧檧檧檧檧檧檧檧檧檧檧檧檧檧檧檧檧檧檧檧檧檧檧檧檧檧檧檧檧檧檧檧檧檧檧檧檧檧檧檧檧檧 基于短视频营销的公共图书馆数字阅读推广策略研究 张 檧檧檧檧檧檧檧檧檧檧檧檧檧檧檧檧檧檧檧檧檧檧檧檧檧檧檧檧檧檧檧檧檧檧檧檧檧檧檧檧檧檧檧檧檧檧檧 承 摘 要 短视频营销是全媒体时代公共图书馆数字阅读推广的重要手段，借助短视频营销的交互 化与情境化服务功能，对数字阅读文本进行内容补充及网络推广，有助,Open original PDF/Reader and fill exact page or table locator.
verify-c011-cnki-2021-5530e86157-b0003,65,needs_page_locator,C011,公共图书馆短视频营销可被转译为数字阅读推广服务设计，重点包括情感营销、渠道营销、互动营销和线上线下转化。,cnki_2021_5530e86157,基于短视频营销的公共图书馆数字阅读推广策略研究,cnki_2021_5530e86157:B0003,,page_pending,skimmed,false,needs_human_validation;page_locator_pending;page_missing,projects/library_short_video/literature/readers/cnki_2021_5530e86157/paper.md,paper_reading/views/paper-495f8717.html,projects/library_short_video/literature/readers/cnki_2021_5530e86157/source_map.json,Ｌｉｂｒａｒｙ Ｗｏｒｋ Ａｎｄ Ｓｔｕｄｙ 总第３０３期 Ｓｅｒｉａｌ ３０３ 短视频社交平台投放数字阅读推广活动宣传 片。随后，法兰克福国家图书馆、大英图书馆、 俄罗斯国立图书馆等世界顶级公共图书馆，纷 纷开通了短视频官方账号，试图打造“关注— 搜索—参与—分享”的数字阅读推广一站式体 验闭环 ［７］。我国公共图书馆亦认识到数字阅读 推广短视频营销的价值红利，不仅围绕数字阅 读的ＩＰ内容推出爆款短视频，而且基于用户属 性和用户标签建,Open original PDF/Reader and fill exact page or table locator.
verify-c011-cnki-2021-5530e86157-b0007,65,needs_page_locator,C011,公共图书馆短视频营销可被转译为数字阅读推广服务设计，重点包括情感营销、渠道营销、互动营销和线上线下转化。,cnki_2021_5530e86157,基于短视频营销的公共图书馆数字阅读推广策略研究,cnki_2021_5530e86157:B0007,,page_pending,skimmed,false,needs_human_validation;page_locator_pending;page_missing,projects/library_short_video/literature/readers/cnki_2021_5530e86157/paper.md,paper_reading/views/paper-495f8717.html,projects/library_short_video/literature/readers/cnki_2021_5530e86157/source_map.json,Ｌｉｂｒａｒｙ Ｗｏｒｋ Ａｎｄ Ｓｔｕｄｙ 总第３０３期 Ｓｅｒｉａｌ ３０３ 集群。如，国家图书馆抖音母账号不仅打造了 “阅览室的视听科技”“百草园里识百草”“国图 公开课·读书推荐”“中华传统文化百部经典” 等不同门类的抖音子账号，而且还积极与阅读 推广类抖音大Ｖ建立战略合作伙伴关系，借助 其在品牌管理、社交传播、情境建构等方面的 比较优势，扩充数字阅读推广短视频营销的价 值边界。另一方面，促进抖音号与其他自媒体 平台无缝对接，进,Open original PDF/Reader and fill exact page or table locator.
verify-c011-cnki-2021-5530e86157-b0008,65,needs_page_locator,C011,公共图书馆短视频营销可被转译为数字阅读推广服务设计，重点包括情感营销、渠道营销、互动营销和线上线下转化。,cnki_2021_5530e86157,基于短视频营销的公共图书馆数字阅读推广策略研究,cnki_2021_5530e86157:B0008,,page_pending,skimmed,false,needs_human_validation;page_locator_pending;page_missing,projects/library_short_video/literature/readers/cnki_2021_5530e86157/paper.md,paper_reading/views/paper-495f8717.html,projects/library_short_video/literature/readers/cnki_2021_5530e86157/source_map.json,频营销 櫲櫲櫲櫲櫲櫲櫲櫲櫲櫲櫲櫲櫲櫲櫲櫲櫲櫲櫲櫲櫲櫲 的创新策略 ４．１ 以短视频情感营销调动用户对数字阅读 推广情绪共鸣 短视频情感营销的实质，是运用共鸣策略 让用户对短视频内容与品牌产生情感需求，进 而开展稳定长效的注意力营销。本文所选取 的公共图书馆抖音号十分注重利用短视频情 感营销手段增进用户与数字阅读推广之间的 情感联系，据此来最大化提高用户的关注热 度。因此，公共图书馆应将短视频情感营销作 为数字阅读推广的发力点，在数字阅读,Open original PDF/Reader and fill exact page or table locator.
verify-c011-cnki-2021-5530e86157-b0013,65,needs_page_locator,C011,公共图书馆短视频营销可被转译为数字阅读推广服务设计，重点包括情感营销、渠道营销、互动营销和线上线下转化。,cnki_2021_5530e86157,基于短视频营销的公共图书馆数字阅读推广策略研究,cnki_2021_5530e86157:B0013,,page_pending,skimmed,false,needs_human_validation;page_locator_pending;page_missing,projects/library_short_video/literature/readers/cnki_2021_5530e86157/paper.md,paper_reading/views/paper-495f8717.html,projects/library_short_video/literature/readers/cnki_2021_5530e86157/source_map.json,张 承：基于短视频营销的公共图书馆数字阅读推广实践策略研究 Ｚｈａｎｇ Ｃｈｅｎｇ：Ｒｅｓｅａｒｃｈ ｏｎ Ｓｔｒａｔｅｇｙ ｏｆ Ｄｉｇｉｔａｌ Ｒｅａｄｉｎｇ Ｐｒｏｍｏｔｉｏｎ ｉｎ Ｐｕｂｌｉｃ Ｌｉｂｒａｒｉｅｓ Ｂａｓｅｄ ｏｎ Ｓｈｏｒｔ Ｖｉｄｅｏ Ｍａｒｋｅｔｉｎｇ ２０２１年５月 Ｍａｙ，２０２１ 明细进行管理。该系统与湖南图书馆“一网读 尽”数字阅读云平台及馆方抖音账号实现了数 据共享，能够为数字阅读推广短视频营销,Open original PDF/Reader and fill exact page or table locator.
verify-c012-cnki-2021-3771e58987-b0005,65,needs_page_locator,C012,公共图书馆与高校图书馆短视频营销可以通过馆型差异、平台差异和 AARRR 用户生命周期共同分析。,cnki_2021_3771e58987,公共图书馆和高校图书馆短视频营销比较研究,cnki_2021_3771e58987:B0005,,page_pending,skimmed,false,needs_human_validation;page_locator_pending;page_missing,projects/library_short_video/literature/readers/cnki_2021_3771e58987/paper.md,paper_reading/views/paper-21739661.html,projects/library_short_video/literature/readers/cnki_2021_3771e58987/source_map.json,2021 年 第 4 期 究，根据图书馆短视频传播现状分析图书馆阅读推 广及服务推广营销。研究过程共有三个阶段，首先 选定数据平台，对数据进行统计和分析；其次运用 ＡＡＲＲＲ（Ａｃｑｕｉｓｉｔｉｏｎ，Ａｃｔｉｖａｔｉｏｎ，Ｒｅｔｅｎｔｉｏｎ，Ｒｅｖｅ－ ｎｕｅ，Ｒｅｆｅｒｒａｌ）漏斗模型对公共图书馆和高校图书馆 发布的短视频进行梳理及内容分析，对图书馆短视 频运营现状及成效进行比较研究；最后分析营销策 略，探讨新媒体平台给图书馆推广带来,Open original PDF/Reader and fill exact page or table locator.
verify-c012-cnki-2021-3771e58987-b0007,65,needs_page_locator,C012,公共图书馆与高校图书馆短视频营销可以通过馆型差异、平台差异和 AARRR 用户生命周期共同分析。,cnki_2021_3771e58987,公共图书馆和高校图书馆短视频营销比较研究,cnki_2021_3771e58987:B0007,,page_pending,skimmed,false,needs_human_validation;page_locator_pending;page_missing,projects/library_short_video/literature/readers/cnki_2021_3771e58987/paper.md,paper_reading/views/paper-21739661.html,projects/library_short_video/literature/readers/cnki_2021_3771e58987/source_map.json,2021 年 第 4 期 ３ 图书馆短视频营销现状 ３． １ 样本数据分析 本文采用网络调查法，在抖音、快手、Ｂ站三个 ＡＰＰ平台上以“图书馆”为关键词进行检索，并对检 索结果进行筛选，参考《第六次全国县级以上公共图 书馆评估定级上等级图书馆名单》 ［４２］及教育部网站 《２０１９年全国高等学校名单》 ［４３］删除机构图书馆账 号、个人图书馆账号及内容与图书馆业务无关的账 号，只保留公共图书馆机构认证用户１６１个、高校图 书馆机构认证用,Open original PDF/Reader and fill exact page or table locator.
verify-c012-cnki-2021-3771e58987-b0009,65,needs_page_locator,C012,公共图书馆与高校图书馆短视频营销可以通过馆型差异、平台差异和 AARRR 用户生命周期共同分析。,cnki_2021_3771e58987,公共图书馆和高校图书馆短视频营销比较研究,cnki_2021_3771e58987:B0009,,page_pending,skimmed,false,needs_human_validation;page_locator_pending;page_missing,projects/library_short_video/literature/readers/cnki_2021_3771e58987/paper.md,paper_reading/views/paper-21739661.html,projects/library_short_video/literature/readers/cnki_2021_3771e58987/source_map.json,2021 年 第 4 期 ３． １． ２ 图书馆账号开设的成效分析 ３． １． ２． １ 账号增量 ２０２０年９月３日—２０２１年１月２日期间，各平 台图书馆认证账号增量情况如表２所示。括号中的 平台表示２０２０年９月３日之前该机构已在其他平 台开设账号（数据统计截至２０２１年１月２日）。 表２ 视频账号增量情况 公共图书馆 高校图书馆 抖音平台 账号增量 承德市图书馆、宁夏回 族自治区图书馆、读享 福州、北京市顺义区图 书馆 南开大学,Open original PDF/Reader and fill exact page or table locator.
verify-c012-cnki-2021-3771e58987-b0016,65,needs_page_locator,C012,公共图书馆与高校图书馆短视频营销可以通过馆型差异、平台差异和 AARRR 用户生命周期共同分析。,cnki_2021_3771e58987,公共图书馆和高校图书馆短视频营销比较研究,cnki_2021_3771e58987:B0016,,page_pending,skimmed,false,needs_human_validation;page_locator_pending;page_missing,projects/library_short_video/literature/readers/cnki_2021_3771e58987/paper.md,paper_reading/views/paper-21739661.html,projects/library_short_video/literature/readers/cnki_2021_3771e58987/source_map.json,找契合点。视频是图书馆向公众传递信息的渠道 之一。在视频制作中，要注意规避版权问题，与参与 视频拍摄的嘉宾签订版权协议。其次，要根据我国 《著作权法》合理使用在视频中所选取的各类素材。 ５ 结语 与曾经的微博、微信一样，短视频通过在场感、 可视化的传播方式，进一步拓展了图书馆的服务范 围，拉近了图书馆与读者之间的距离，加深了彼此的 情感交流，使图书馆的服务更具情感。同时，短视频 平台强势来袭，短视频逐渐成为信息传播的主要方 式之一，也促,Open original PDF/Reader and fill exact page or table locator.
verify-c013-cnki-2023-34348faa1e-b0005,65,needs_page_locator,C013,SICAS 可以作为图书馆短视频从感知到服务行动再到分享回流的过程组织框架。,cnki_2023_34348faa1e,基于SICAS模型的公共图书馆短视频营销策略研究,cnki_2023_34348faa1e:B0005,,page_pending,skimmed,false,needs_human_validation;page_locator_pending;page_missing,projects/library_short_video/literature/readers/cnki_2023_34348faa1e/paper.md,paper_reading/views/cnki_2023_34348faa1e-reader.html,projects/library_short_video/literature/readers/cnki_2023_34348faa1e/source_map.json,"刘青 郭嘉如:基于SICAS模型的公共图书馆短视频营销策略研究* LiuQing,GuoJiaru:ResearchonShortVideoMarketingStrategiesofPublicLibraryBasedonSICASModel 2023年1月 January,2023 是多维互动的,而非单向递进的过程。SICAS 模型如图1所示。 社会化网络、 分享连接、 位置互联 基于Open API-LBS- Ad Network",Open original PDF/Reader and fill exact page or table locator.
verify-c013-cnki-2023-34348faa1e-b0006,65,needs_page_locator,C013,SICAS 可以作为图书馆短视频从感知到服务行动再到分享回流的过程组织框架。,cnki_2023_34348faa1e,基于SICAS模型的公共图书馆短视频营销策略研究,cnki_2023_34348faa1e:B0006,,page_pending,skimmed,false,needs_human_validation;page_locator_pending;page_missing,projects/library_short_video/literature/readers/cnki_2023_34348faa1e/paper.md,paper_reading/views/cnki_2023_34348faa1e-reader.html,projects/library_short_video/literature/readers/cnki_2023_34348faa1e/source_map.json,段 核心阶段 转化阶段 拓展阶段 Sense 图书馆-用户 全方位相互感知 Connect & Communicate 多层次建立连接 以激发交流意愿 Interest & Interactive 动态响应需求 以激活兴趣 Action 多渠道联合 以促进用户转化 Share 鼓励图书馆 相关体验分享 图2 基于SICAS的公共图书馆短视频营销模型 􀥈􀥈􀥈􀥈􀥈􀥈􀥈􀥈􀥈􀥈􀥈􀥈􀥈􀥈􀥈􀥈􀥈􀥈􀥈􀥈􀥈􀥈􀥈 4 公共图书馆短视频营销现状 􀥈􀥈􀥈􀥈􀥈,Open original PDF/Reader and fill exact page or table locator.
verify-c013-cnki-2023-34348faa1e-b0007,65,needs_page_locator,C013,SICAS 可以作为图书馆短视频从感知到服务行动再到分享回流的过程组织框架。,cnki_2023_34348faa1e,基于SICAS模型的公共图书馆短视频营销策略研究,cnki_2023_34348faa1e:B0007,,page_pending,skimmed,false,needs_human_validation;page_locator_pending;page_missing,projects/library_short_video/literature/readers/cnki_2023_34348faa1e/paper.md,paper_reading/views/cnki_2023_34348faa1e-reader.html,projects/library_short_video/literature/readers/cnki_2023_34348faa1e/source_map.json,"LibraryWorkAndStudy 总第323期 Serial323 至2021年12月2日,表1、表2中近30日内新增 作品、新增点赞、新增评论、新增分享、新增粉丝、 总粉丝、总点赞与总作品数据均来自飞瓜数据分 析平台[19],其余数据由笔者手动收集。 本研究基于清博大数据平台发布的抖音 号传播力指数V1.0(DCI),对近30日内新增 作品、新增点赞、新增评论、新增分享、新增粉 丝与总粉丝共6项数据进行标准化处理及加权 计算,通",Open original PDF/Reader and fill exact page or table locator.
verify-c013-cnki-2023-34348faa1e-b0008,65,needs_page_locator,C013,SICAS 可以作为图书馆短视频从感知到服务行动再到分享回流的过程组织框架。,cnki_2023_34348faa1e,基于SICAS模型的公共图书馆短视频营销策略研究,cnki_2023_34348faa1e:B0008,,page_pending,skimmed,false,needs_human_validation;page_locator_pending;page_missing,projects/library_short_video/literature/readers/cnki_2023_34348faa1e/paper.md,paper_reading/views/cnki_2023_34348faa1e-reader.html,projects/library_short_video/literature/readers/cnki_2023_34348faa1e/source_map.json,"低。经抖音用户名搜 索结果可得,目前共59个区级及以上公共图 书馆开设了账号,其中粉丝量超一万的图书 馆数量仅11 个,占比仅为18.6%。(2)用户 粘性低,感知效果差。粉丝量最高的江西省 图书馆前期的引流主力为旺宝与图图智能机 器人的趣味对话,在粉丝量快速上涨后没有 根据用户需求形成自身的内容风格,后期视 频发布内容缺乏创新,近30天减少了4928名 粉丝,留存用户能力低。(3)缺少私域渠道布 局意识。私域流量指可在任意时间与频次直",Open original PDF/Reader and fill exact page or table locator.
verify-c013-cnki-2023-34348faa1e-b0009,65,needs_page_locator,C013,SICAS 可以作为图书馆短视频从感知到服务行动再到分享回流的过程组织框架。,cnki_2023_34348faa1e,基于SICAS模型的公共图书馆短视频营销策略研究,cnki_2023_34348faa1e:B0009,,page_pending,skimmed,false,needs_human_validation;page_locator_pending;page_missing,projects/library_short_video/literature/readers/cnki_2023_34348faa1e/paper.md,paper_reading/views/cnki_2023_34348faa1e-reader.html,projects/library_short_video/literature/readers/cnki_2023_34348faa1e/source_map.json,"刘青 郭嘉如:基于SICAS模型的公共图书馆短视频营销策略研究* LiuQing,GuoJiaru:ResearchonShortVideoMarketingStrategiesofPublicLibraryBasedonSICASModel 2023年1月 January,2023 热门视频点赞数占比最高的浙江图书馆短视 频时长大多在15秒以内,平均更新频率为每周 2至3条,均配以统一的封面、富有感召力的标 题与趣味的表情包图片,因而",Open original PDF/Reader and fill exact page or table locator.
verify-c013-cnki-2023-34348faa1e-b0010,65,needs_page_locator,C013,SICAS 可以作为图书馆短视频从感知到服务行动再到分享回流的过程组织框架。,cnki_2023_34348faa1e,基于SICAS模型的公共图书馆短视频营销策略研究,cnki_2023_34348faa1e:B0010,,page_pending,skimmed,false,needs_human_validation;page_locator_pending;page_missing,projects/library_short_video/literature/readers/cnki_2023_34348faa1e/paper.md,paper_reading/views/cnki_2023_34348faa1e-reader.html,projects/library_short_video/literature/readers/cnki_2023_34348faa1e/source_map.json,"一的封面与标题形式,结 合网络语言、表情包配图及流行的社会议题, 能以2-3 秒的趣味封面迅速吸引用户关注。 (2)积极参与评论区互动。广东省立中山图书 馆在评论区常结合视频内容推荐相关书籍,如 在标题为“宋徽宗:一生做什么都很出色,唯独 做不好皇帝”抖音视频评论区中,置顶推荐了 宋徽宗关于茶的专论《大观茶论》,并积极参与 下方热评的回复与互动,展现了较好的亲和 力。(3)内容结合民族、爱国主题或争议性的 社会热点问题。针对爱国及民族历",Open original PDF/Reader and fill exact page or table locator.
verify-c013-cnki-2023-34348faa1e-b0011,65,needs_page_locator,C013,SICAS 可以作为图书馆短视频从感知到服务行动再到分享回流的过程组织框架。,cnki_2023_34348faa1e,基于SICAS模型的公共图书馆短视频营销策略研究,cnki_2023_34348faa1e:B0011,,page_pending,skimmed,false,needs_human_validation;page_locator_pending;page_missing,projects/library_short_video/literature/readers/cnki_2023_34348faa1e/paper.md,paper_reading/views/cnki_2023_34348faa1e-reader.html,projects/library_short_video/literature/readers/cnki_2023_34348faa1e/source_map.json,"LibraryWorkAndStudy 总第323期 Serial323 任何联系方式,主页信息亟待完善。(2)大部 分公共图书馆有意识地在文案中添加话题或 拓展阅读的链接。广东省立中山图书馆在短 视频下方提供图书馆地址的定位链接,发布场 馆环境、设备、活动相关视频等激发读者访问 图书馆的兴趣和欲望,同时还在文案处提供各 类话题的链接,帮助用户拓展阅读。 4.5 分享———用户分享意愿 体验分享可促使用户发现自身潜在需 求,使本轮用户消",Open original PDF/Reader and fill exact page or table locator.
verify-c013-cnki-2023-34348faa1e-b0012,65,needs_page_locator,C013,SICAS 可以作为图书馆短视频从感知到服务行动再到分享回流的过程组织框架。,cnki_2023_34348faa1e,基于SICAS模型的公共图书馆短视频营销策略研究,cnki_2023_34348faa1e:B0012,,page_pending,skimmed,false,needs_human_validation;page_locator_pending;page_missing,projects/library_short_video/literature/readers/cnki_2023_34348faa1e/paper.md,paper_reading/views/cnki_2023_34348faa1e-reader.html,projects/library_short_video/literature/readers/cnki_2023_34348faa1e/source_map.json,"用户对图书 馆信息的全方位感知。在线下感知拓宽方面, 公共图书馆可利用实体场馆人流量较大的位 置、智能设备、讲座、展览等积极宣传短视频账 号,引导用户现场进行短视频录制,将线下用 户转化为活跃于线上的用户体验分享者,以用 户生成内容(UCG)带动口碑传播,为公共图书 馆进行“线下—线上—线下”的联动推广。在 线上感知拓宽方面,对于同一短视频平台,面 向不同的社会人群如儿童、青少年、社会公众 等,可分别建立对应的账号,根据不同的人群 需求",Open original PDF/Reader and fill exact page or table locator.
verify-c013-cnki-2023-34348faa1e-b0013,65,needs_page_locator,C013,SICAS 可以作为图书馆短视频从感知到服务行动再到分享回流的过程组织框架。,cnki_2023_34348faa1e,基于SICAS模型的公共图书馆短视频营销策略研究,cnki_2023_34348faa1e:B0013,,page_pending,skimmed,false,needs_human_validation;page_locator_pending;page_missing,projects/library_short_video/literature/readers/cnki_2023_34348faa1e/paper.md,paper_reading/views/cnki_2023_34348faa1e-reader.html,projects/library_short_video/literature/readers/cnki_2023_34348faa1e/source_map.json,"刘青 郭嘉如:基于SICAS模型的公共图书馆短视频营销策略研究* LiuQing,GuoJiaru:ResearchonShortVideoMarketingStrategiesofPublicLibraryBasedonSICASModel 2023年1月 January,2023 用户行为反馈 推荐或屏蔽 大数据技术 其他线上渠道：在短视频 平台介绍或链接中提示 其他平台账号或内容 线下渠道：利用短视频配 合图书馆线下活动导播、 发",Open original PDF/Reader and fill exact page or table locator.
verify-c013-cnki-2023-34348faa1e-b0014,65,needs_page_locator,C013,SICAS 可以作为图书馆短视频从感知到服务行动再到分享回流的过程组织框架。,cnki_2023_34348faa1e,基于SICAS模型的公共图书馆短视频营销策略研究,cnki_2023_34348faa1e:B0014,,page_pending,skimmed,false,needs_human_validation;page_locator_pending;page_missing,projects/library_short_video/literature/readers/cnki_2023_34348faa1e/paper.md,paper_reading/views/cnki_2023_34348faa1e-reader.html,projects/library_short_video/literature/readers/cnki_2023_34348faa1e/source_map.json,"中增加反问句式或正确情感倾向 引导,营造轻松且安全的社交氛围,促进用户 表达意见。 5.3 以提问与互动同用户建立连接 在短视频选题方面,应在趣味与严肃中保 持平衡,通过提出具有争议性的论题,增强社 交互动的引导。(1)结合社会热点。因社会热 点影响的受众广泛,具有较强的话题争议性, 短视频平台也将产生相应的流量倾斜,因此, 可以选择与公共图书馆相关的热点问题,能有 效激发用户间的观点碰撞。(2)适当添加图书 馆场馆要素。关注公共图书馆",Open original PDF/Reader and fill exact page or table locator.
verify-c013-cnki-2023-34348faa1e-b0015,65,needs_page_locator,C013,SICAS 可以作为图书馆短视频从感知到服务行动再到分享回流的过程组织框架。,cnki_2023_34348faa1e,基于SICAS模型的公共图书馆短视频营销策略研究,cnki_2023_34348faa1e:B0015,,page_pending,skimmed,false,needs_human_validation;page_locator_pending;page_missing,projects/library_short_video/literature/readers/cnki_2023_34348faa1e/paper.md,paper_reading/views/cnki_2023_34348faa1e-reader.html,projects/library_short_video/literature/readers/cnki_2023_34348faa1e/source_map.json,"LibraryWorkAndStudy 总第323期 Serial323 是热评。除了单纯地对用户意见表示赞同外, 账号运营者还可以融入自身对问题的思考,适 时解决用户疑惑,促进双方知识交流,与大众 建立有温度、更亲和的“好友链接”。短视频平 台上的即时评论交互功能,让用户与公共图书 馆不受时间区域的限制,实现“点对点”交流, 打破了传统服务方式的疏离感,能更好培养用 户对公共图书馆的信任感。 5.4 以软营销触发用户转化行为 短视频账",Open original PDF/Reader and fill exact page or table locator.
verify-c013-cnki-2023-34348faa1e-b0016,65,needs_page_locator,C013,SICAS 可以作为图书馆短视频从感知到服务行动再到分享回流的过程组织框架。,cnki_2023_34348faa1e,基于SICAS模型的公共图书馆短视频营销策略研究,cnki_2023_34348faa1e:B0016,,page_pending,skimmed,false,needs_human_validation;page_locator_pending;page_missing,projects/library_short_video/literature/readers/cnki_2023_34348faa1e/paper.md,paper_reading/views/cnki_2023_34348faa1e-reader.html,projects/library_short_video/literature/readers/cnki_2023_34348faa1e/source_map.json,"享,在共生式、交 互式的社交生态中扩大账号影响力。 􀥈􀥈􀥈􀥈􀥈􀥈􀥈􀥈􀥈􀥈􀥈􀥈􀥈􀥈􀥈􀥈􀥈􀥈􀥈􀥈􀥈􀥈􀥈 6 结语 􀥈􀥈􀥈􀥈􀥈􀥈􀥈􀥈􀥈􀥈􀥈􀥈􀥈􀥈􀥈􀥈􀥈􀥈􀥈􀥈􀥈􀥈􀥈 总体而言,我国公共图书馆短视频营销的 整体水平不高,运营内容与方式比较单一。本 文基于SICAS模型提出以全媒体渠道拓宽感 知、以沉浸式内容吸引兴趣、以提问与互动建 立连接、以软营销触发转化和以激励促进传播 的公共图书馆短视频营销策略,有助于为我国 图书馆阅读推广提供新的思路与启迪",Open original PDF/Reader and fill exact page or table locator.
verify-c014-cnki-2021-645f03f388-b0004,55,needs_page_check,C014,图书馆短视频账号传播力可以用账号层多指标综合评价描述，但传播力不等于服务价值。,cnki_2021_645f03f388,图书馆短视频账号传播力研究——以省级公共图书馆为例,cnki_2021_645f03f388:B0004,2,page_located_needs_human_check,skimmed,false,needs_human_validation,projects/library_short_video/literature/readers/cnki_2021_645f03f388/paper.md,paper_reading/views/paper-f2f9e4d9.html,projects/library_short_video/literature/readers/cnki_2021_645f03f388/source_map.json,州大学、郑州大学8 所高校图书馆开通了抖音账号，不具 备研究的广泛性。而在31 所省级公共图书馆中，23 所图书馆开通了抖音账号，占比74. 2%，故本文选取公共图书馆 抖音账号作为研究对象。其中浙江图书馆在抖音平台开通了两个账号，分别是“浙江图书馆———撸书记” “浙江图书 馆———大咖来了”。由于“浙江图书馆———撸书记”在粉丝量、作品量等各方面都逊色于“浙江图书馆———大咖来 了”，故本文选择后者作为研究对象。抖音账号进行官方认证,Check the extracted page/table against the original PDF.
verify-c014-cnki-2021-645f03f388-b0005,55,needs_page_check,C014,图书馆短视频账号传播力可以用账号层多指标综合评价描述，但传播力不等于服务价值。,cnki_2021_645f03f388,图书馆短视频账号传播力研究——以省级公共图书馆为例,cnki_2021_645f03f388:B0005,3,page_located_needs_human_check,skimmed,false,needs_human_validation,projects/library_short_video/literature/readers/cnki_2021_645f03f388/paper.md,paper_reading/views/paper-f2f9e4d9.html,projects/library_short_video/literature/readers/cnki_2021_645f03f388/source_map.json,2. 2. 1 粉丝量 抖音账号的粉丝指关注账号的用户，关注图书馆账号后可及时了解图书馆的动态，衡量抖音账号的被关注特 征。粉丝量越大，发布的动态越易被粉丝浏览、评论、转发，就越能提高图书馆的传播力。粉丝量是衡量图书馆 账号传播力的重要依据。与政务、新闻媒体等官方抖音账号相比，图书馆账号的粉丝量较少，浙江图书馆的“浙 江图书馆———大咖来了”账号粉丝量为23. 3 万，居首位，其他省级公共图书馆粉丝量大部分未破万数。 2. 2. 2 关,Check the extracted page/table against the original PDF.
verify-c014-cnki-2021-645f03f388-b0006,55,needs_page_check,C014,图书馆短视频账号传播力可以用账号层多指标综合评价描述，但传播力不等于服务价值。,cnki_2021_645f03f388,图书馆短视频账号传播力研究——以省级公共图书馆为例,cnki_2021_645f03f388:B0006,3,page_located_needs_human_check,skimmed,false,needs_human_validation,projects/library_short_video/literature/readers/cnki_2021_645f03f388/paper.md,paper_reading/views/paper-f2f9e4d9.html,projects/library_short_video/literature/readers/cnki_2021_645f03f388/source_map.json,，超过5 个用户认为内容覆盖是否完整、标题、逻辑性、知识性、趣味性、评论的内容指向性、评论的态度、评论的参与 度8 个类目为“重要”，其他类目为“一般重要”。本文将“重要” 类目的权重设为10%，其他类目的权重设为 5%，对公共图书馆抖音账号中的内容质量进行统计，设总分为100 分，计算各图书馆的得分。 7 4 ＲESEAＲCH ON LIBＲAＲY SCIENCE,Check the extracted page/table against the original PDF.
verify-c014-cnki-2021-645f03f388-b0007,55,needs_page_check,C014,图书馆短视频账号传播力可以用账号层多指标综合评价描述，但传播力不等于服务价值。,cnki_2021_645f03f388,图书馆短视频账号传播力研究——以省级公共图书馆为例,cnki_2021_645f03f388:B0007,4,page_located_needs_human_check,skimmed,false,needs_human_validation,projects/library_short_video/literature/readers/cnki_2021_645f03f388/paper.md,paper_reading/views/paper-f2f9e4d9.html,projects/library_short_video/literature/readers/cnki_2021_645f03f388/source_map.json,2. 4 传播特征 2. 4. 1 点赞总量 点赞是公众认可视频的重要依据，是公众对账号的正向反馈，对图书馆账号的传播力起正向作用。在传播过 程中，账号收获的点赞越多，越能产生较大的传播力。 2. 4. 2 爆款指数 本文将点赞量破万的视频定义为爆款视频，这些视频吸引大量的粉丝，获得大量的点赞。根据表2 可知，浙 江图书馆有爆款视频12 个，首都图书馆有爆款视频2 个，上海图书馆、陕西省图书馆、江西省图书馆、四川省图 书馆、重庆图书馆各,Check the extracted page/table against the original PDF.
verify-c014-cnki-2021-645f03f388-b0008,55,needs_page_check,C014,图书馆短视频账号传播力可以用账号层多指标综合评价描述，但传播力不等于服务价值。,cnki_2021_645f03f388,图书馆短视频账号传播力研究——以省级公共图书馆为例,cnki_2021_645f03f388:B0008,5,page_located_needs_human_check,skimmed,false,needs_human_validation,projects/library_short_video/literature/readers/cnki_2021_645f03f388/paper.md,paper_reading/views/paper-f2f9e4d9.html,projects/library_short_video/literature/readers/cnki_2021_645f03f388/source_map.json,通过对抖音平台的调查，得到各个公共图书馆抖音账号传播力的各项数据，如表4 所示。 表4 省级公共图书馆抖音账号传播力相关数据 图书馆 粉丝量 视频数量 内容质量 总获赞量 爆款指数 首都图书馆 7 522 92. 8 61. 00 33 000 0. 727 山西省图书馆 375 20. 0 51. 25 131 0 内蒙古图书馆 78 3. 0 47. 50 68 0 宁夏图书馆 9 0 0 0 0 青海省图书馆 618 47. 6,Check the extracted page/table against the original PDF.
verify-c014-cnki-2021-645f03f388-b0009,55,needs_page_check,C014,图书馆短视频账号传播力可以用账号层多指标综合评价描述，但传播力不等于服务价值。,cnki_2021_645f03f388,图书馆短视频账号传播力研究——以省级公共图书馆为例,cnki_2021_645f03f388:B0009,5,page_located_needs_human_check,skimmed,false,needs_human_validation,projects/library_short_video/literature/readers/cnki_2021_645f03f388/paper.md,paper_reading/views/paper-f2f9e4d9.html,projects/library_short_video/literature/readers/cnki_2021_645f03f388/source_map.json,最小值接近0，标准化区间过大，本文将max ( 粉丝量) 定义为 53 000 ( 该值为江西省图书馆的粉丝量) ，超出该值时，标准化值为1; 将min ( 粉丝量) 定义为1 000，小于该值 时，标准化值为0。同理，在总获赞指标标准化时，最大值为186. 5 万，最小值为0，标准化区间过大，取max ( 获赞) = 289 000 ( 该值为陕西省图书馆的总获赞量) ，超出该值时，标准化值为1; 取min ( 获赞) = 1 000,Check the extracted page/table against the original PDF.
verify-c014-cnki-2021-645f03f388-b0010,55,needs_page_check,C014,图书馆短视频账号传播力可以用账号层多指标综合评价描述，但传播力不等于服务价值。,cnki_2021_645f03f388,图书馆短视频账号传播力研究——以省级公共图书馆为例,cnki_2021_645f03f388:B0010,6,page_located_needs_human_check,skimmed,false,needs_human_validation,projects/library_short_video/literature/readers/cnki_2021_645f03f388/paper.md,paper_reading/views/paper-f2f9e4d9.html,projects/library_short_video/literature/readers/cnki_2021_645f03f388/source_map.json,根据信息熵的定义: Ej = －ln ( n) －1∑ n i = 1ln ( pij) 计算出各个指标的信息熵后，各指标权重计算公式如下: wi = 1 －Ei k －∑Ei 计算结果如表5 所示。 表5 图书馆短视频平台传播力指标权重 指标 粉丝量 作品量 视频内容 点赞量 爆款指数 权重 0. 157648 0. 070794 0. 034191 0. 149377 0. 1831278 根据各指标权重和各指标的标准化值，计算每个,Check the extracted page/table against the original PDF.
verify-c014-cnki-2021-645f03f388-b0011,55,needs_page_check,C014,图书馆短视频账号传播力可以用账号层多指标综合评价描述，但传播力不等于服务价值。,cnki_2021_645f03f388,图书馆短视频账号传播力研究——以省级公共图书馆为例,cnki_2021_645f03f388:B0011,7,page_located_needs_human_check,skimmed,false,needs_human_validation,projects/library_short_video/literature/readers/cnki_2021_645f03f388/paper.md,paper_reading/views/paper-f2f9e4d9.html,projects/library_short_video/literature/readers/cnki_2021_645f03f388/source_map.json,根据表6，排名第一的账号是浙江图书馆，其账号的粉丝量、点赞量、爆款指数值均较大，其传播力远大于其 他图书馆账号传播力。排名最后的账号是宁夏图书馆，账号的粉丝量少，且未发布作品，传播力接近0。 为进一步验证本文方法的有效性和科学性，我们将本文得到的图书馆抖音账号传播力排名与这些账号的飞瓜 指数进行对比。飞瓜指数最小值为200，根据值的大小划分为六个层级。 表7 图书馆抖音账号飞瓜指数排名 飞瓜数据 金字塔层级 图书馆( 括号内表示飞瓜指数,Check the extracted page/table against the original PDF.
